Id,單價元平方公尺
0,128778.77317018891
1,109439.98225858712
2,117785.14108812992
3,124944.7364179753
4,229567.02206171403
5,177769.93854717005
6,164005.70778515778
7,194486.96437886756
8,165411.94661897625
9,214130.73815641698
10,240336.20545191158
11,221398.37177253753
12,99377.98247273559
13,141734.2825286751
14,143355.69561899363
15,99007.20773013207
16,135096.451517888
17,267477.96930010186
18,183338.90704950536
19,171274.14925345732
20,287852.2433561344
21,111849.9052191733
22,107012.57835712614
23,133237.68550068847
24,124380.69505197031
25,115460.21405361242
26,105387.07932973382
27,163951.19235940732
28,254461.1008821478
29,252430.29630651468
30,254379.64043223832
31,255828.43172533927
32,233638.84239637517
33,284993.17568579013
34,257039.28099657886
35,228570.43217520707
36,239893.78263758475
37,177885.16380183087
38,223851.33539460343
39,142450.98524492118
40,148199.17075035756
41,226003.5437585836
42,213459.11230458785
43,123177.67440119036
44,118662.24851150764
45,158768.78010393612
46,155323.9382867418
47,206221.5273327858
48,168396.74597744917
49,229573.12096304208
50,140270.23645486432
51,191844.5068005658
52,222500.94927659654
53,232916.18618591205
54,140030.04325214983
55,224080.99103789654
56,143517.36560707015
57,152715.4385745061
58,166481.67962359812
59,151863.23444244463
60,107774.61333696469
61,110004.44218249172
62,143031.0553935554
63,154970.29057350356
64,94632.315734718
65,159813.39525749494
66,125868.04436441617
67,130175.75040925964
68,120951.53349874541
69,97075.89006742899
70,114959.20529078212
71,109207.13023878683
72,133143.13625084964
73,82858.91689264293
74,137357.9263382692
75,118247.02194964295
76,110039.7531921595
77,112407.26637460117
78,122650.56185804681
79,97239.01767907581
80,174021.31397991674
81,94078.280099372
82,100445.50590196237
83,77733.78321420302
84,158368.953234007
85,138555.2368901514
86,141497.92888569407
87,104999.1998180983
88,140692.44391921544
89,157627.8951349915
90,194998.15527524095
91,113288.59476198952
92,118947.50542559606
93,124337.29890925155
94,171789.2085370788
95,106469.8430923869
96,126764.78577129872
97,102038.30268061784
98,93014.89240960072
99,120666.5411121533
100,138045.9804360211
101,97744.43922130228
102,89619.58505708087
103,135091.3035205788
104,108901.17845757786
105,147456.21465831666
106,141595.87082400115
107,181073.11567186864
108,132289.56479183806
109,89044.5833328118
110,200207.31437785932
111,186612.53124490642
112,180493.32040449488
113,174793.6219999555
114,75909.67421717288
115,72892.6553374563
116,183768.04606117576
117,177151.78408786986
118,218321.78740154186
119,210952.88079467352
120,243248.18831693925
121,238240.70584912924
122,177724.5422377282
123,209165.42512323835
124,198963.8053445429
125,186426.145112599
126,194813.75080025248
127,203199.88733633322
128,197336.29077926744
129,183362.90600830893
130,164521.16605721344
131,252890.14723486404
132,157776.17742696585
133,179479.62284738166
134,179898.19120642386
135,179371.7835690676
136,168100.47371804583
137,142321.99861974892
138,173833.53970046213
139,168885.50252450336
140,212416.16597000323
141,206006.97472184
142,136979.4805954345
143,154653.22262340412
144,195604.3735650939
145,155207.49025270354
146,184368.06019957436
147,175609.0473413217
148,194775.75054827268
149,166124.76819126762
150,261632.40955317265
151,206100.0972399455
152,221842.1090370905
153,160003.62183528068
154,175262.26205773145
155,184586.60634568185
156,215478.62520536533
157,204627.97659771325
158,146951.9472807666
159,223440.15247936448
160,212696.36709145462
161,144639.72634455352
162,189376.5571594098
163,124126.89620885352
164,131558.92982048084
165,168579.06483150556
166,200035.2573910773
167,257299.46834228668
168,193347.14140022686
169,204907.46141314533
170,186869.9830673216
171,141159.7385066271
172,170304.11685643226
173,201464.59168972052
174,202877.7024315684
175,185497.54882345407
176,201521.56012915843
177,210712.12432982138
178,137879.28247938864
179,142361.83585015382
180,167765.09188997588
181,190631.13816659566
182,182827.3736110847
183,235538.00036761025
184,177873.81492568724
185,212490.59804473392
186,204124.08138156479
187,216788.68938817194
188,140810.62225029067
189,175363.84678924913
190,142651.43069612636
191,209068.9639596485
192,268135.6549319283
193,150547.01070654579
194,190941.44438987935
195,198170.6099481652
196,212550.72556252318
197,275228.6979090674
198,283245.3097898704
199,277469.5228595392
200,135917.43422138644
201,197613.16690280795
202,246939.1598292747
203,166253.8783403155
204,175475.9641579378
205,163435.27333438105
206,206084.34561605964
207,179006.5644306279
208,167791.66248870926
209,139844.5877767043
210,218899.5734708759
211,278551.8685540081
212,160578.57855978658
213,219550.24707911437
214,154585.456843887
215,200254.32746140263
216,177753.97359397545
217,140957.96019951365
218,195919.87766719479
219,240783.11610495945
220,253000.53149672813
221,150298.384566526
222,208669.07930485974
223,152845.2952960238
224,172683.77000375697
225,176104.59515615512
226,193638.88939778606
227,240912.32063079946
228,202656.76464539126
229,246397.38762130056
230,128832.33242739162
231,203442.45696487307
232,204169.8284234542
233,231452.5945165867
234,270084.02017649054
235,186451.86006282223
236,253570.16523226455
237,266565.5548082992
238,247981.15744601534
239,188908.84297240464
240,219007.62506685947
241,272984.14052786195
242,246754.76597897333
243,192842.22827269827
244,212281.4286591435
245,283821.9672086315
246,299257.948658345
247,282282.55148082646
248,273676.63759632106
249,183773.9722635317
250,247799.87356800042
251,210937.51667059388
252,203911.32366143668
253,200130.00006274122
254,205942.8222832377
255,302481.22563674947
256,231271.77288316563
257,266063.33880789735
258,177261.63721227736
259,189300.15458457847
260,178328.87902844767
261,176545.15405031492
262,298622.4694213239
263,123938.6400577096
264,157095.3998830439
265,185996.91740039136
266,217931.29835318337
267,140550.50560113904
268,181636.86642574077
269,209716.5961910728
270,183803.28120804077
271,180143.56672719674
272,282352.44415962894
273,251222.71287632256
274,212944.54141558782
275,140188.113713207
276,111342.32961392023
277,133217.68640685442
278,178652.04859618843
279,181613.24754354826
280,277374.76312164764
281,208724.2272472694
282,211214.82136601207
283,170391.75403943067
284,210513.29678977444
285,207236.88495167045
286,227988.74384559528
287,216623.12282043882
288,207768.39527548163
289,216071.43162654
290,235454.2921735619
291,246972.80684509216
292,217495.82113134424
293,231283.91089660372
294,215702.45819425705
295,212003.9791435711
296,222066.70100272773
297,146599.04905536346
298,211434.6248964566
299,250860.72110487477
300,166112.19570219598
301,144234.82827958814
302,200621.06440874306
303,157956.71317212714
304,176856.13587690343
305,130549.098220928
306,249466.91856772936
307,246799.8554396157
308,238938.7297521781
309,219138.06256050227
310,255987.62187950817
311,226109.91343707102
312,152146.02220752445
313,198877.78292733038
314,187019.66112503744
315,209686.32546162955
316,142204.31262571923
317,143307.6561392966
318,167165.7288748147
319,195447.0399689027
320,271874.59813773946
321,188710.40626078134
322,222690.05709401652
323,140172.88369087037
324,299620.57819423766
325,206236.83192350337
326,182912.7507015647
327,244927.11639826803
328,164774.34463861023
329,174104.42914362956
330,161875.24292230763
331,224532.57479578082
332,168878.17581040034
333,165125.58534922096
334,247373.72988250287
335,134053.29412625392
336,135062.74068509132
337,236146.64265087203
338,162990.66457352217
339,190035.96293841844
340,237649.14826708246
341,197369.49746655772
342,158086.11992345256
343,121459.07153706971
344,186089.63089018685
345,189571.64846388478
346,181931.0270449837
347,171219.41588945524
348,257469.22709674385
349,277420.89988578326
350,163448.62239493383
351,184158.3104671123
352,185603.6317891123
353,201421.58266051032
354,239019.4071723738
355,174501.82876555691
356,162178.2788586073
357,203846.88009017974
358,244230.8519633083
359,182434.37572557473
360,166294.54808546594
361,183471.81657675633
362,142273.54387982958
363,225007.90015294024
364,120443.83406042721
365,119055.0286847477
366,260852.42515893484
367,121889.27775937943
368,211266.58469714515
369,192462.8993165783
370,156803.75166748182
371,162807.4025044361
372,214387.39338988322
373,204762.2046802406
374,188877.6832809131
375,189929.33163662074
376,218145.57874499296
377,120338.76902854994
378,191327.57901085244
379,260490.829113692
380,217986.46349605508
381,128784.86510356583
382,143667.8949325157
383,230997.90908752498
384,119174.29451235801
385,138547.5300574635
386,148487.69724691688
387,227401.575148054
388,209566.86578326428
389,129718.94727791956
390,158574.85146845342
391,172164.33475244627
392,219282.9039441369
393,154695.99550055937
394,149879.84015249356
395,244688.87072456197
396,180772.33131164405
397,212198.04447160504
398,156423.38270275772
399,145622.7361862369
400,249258.59662152932
401,166342.26529991213
402,99317.08001676682
403,177779.5083799372
404,150866.16836241024
405,148357.99015531977
406,121148.77711043134
407,143989.29894129303
408,146428.323215102
409,124589.21299732075
410,166502.30029683086
411,166542.3233120151
412,164775.48823771856
413,210209.1865466912
414,160755.74416368583
415,181859.0395578896
416,89111.5964520424
417,209172.20977194962
418,110085.68606611356
419,165791.62559236697
420,174138.76786066298
421,152509.63277450667
422,141348.5199615072
423,146041.6447430151
424,137488.937788593
425,84015.92606783929
426,200799.11432374927
427,144699.93414632318
428,178771.52096190472
429,128689.81983760688
430,133987.77073518198
431,122852.46636760203
432,158369.52026967186
433,239354.24142715672
434,120795.12875805772
435,183489.09290917407
436,143216.6641127105
437,117530.0442265175
438,205217.02931666537
439,163356.95088097424
440,83559.12786037324
441,120683.67656829156
442,180599.7384557597
443,130028.54546510678
444,227825.14209430612
445,142163.98821730257
446,226444.03237043432
447,145693.37634781504
448,95864.50740190348
449,150083.77559143386
450,198111.9098902995
451,182499.14015512285
452,99041.27675851269
453,254049.9056449756
454,233216.65090666417
455,190706.75472928857
456,194482.25310887134
457,234055.9820025057
458,152595.66269648698
459,160614.17079611454
460,220635.88525377633
461,198818.78671373992
462,123213.68542420726
463,112512.08362998138
464,179676.4362965353
465,264458.018327982
466,170096.12357961212
467,177997.6700623844
468,233280.1600224859
469,160461.05383376972
470,142128.97308338078
471,124997.60737602937
472,127848.49577598553
473,139684.09172761123
474,156595.75590522378
475,130822.74648750239
476,179267.88232648335
477,151591.70714719174
478,122885.66519618154
479,137733.54951310833
480,100962.57649282826
481,196478.6614734967
482,237464.79899725638
483,120544.09750974232
484,120653.59743552333
485,151191.10103233007
486,114918.94717912297
487,139317.87788103576
488,232815.8469175197
489,164562.28609097414
490,119826.66908735124
491,142591.7403447986
492,277638.6652345774
493,160375.9003097622
494,93270.54260698633
495,97544.59666414752
496,114693.09776025463
497,238760.02534171572
498,164911.5149543856
499,112005.7257183847
500,195090.5495779158
501,94551.74730440232
502,177349.52995167597
503,203376.5414212119
504,266519.7123251651
505,147853.12253859692
506,222396.98534972168
507,86514.19098498818
508,115748.90499863646
509,116393.8556984753
510,140109.21140636958
511,147727.06167871255
512,125130.08316519021
513,99701.92515076465
514,208097.46193646418
515,214569.68757029617
516,191508.12734027946
517,160112.0700377762
518,126865.14088676398
519,121457.12192098086
520,99169.10437312753
521,154779.95908214228
522,105699.77126846198
523,262009.08268006402
524,161185.22129247122
525,96459.30074583585
526,151091.2286400755
527,114420.15727713465
528,167798.41309556627
529,121766.35604133632
530,238914.02925682603
531,58322.02942681032
532,173055.85370040248
533,164586.00976885922
534,177064.56710959948
535,136785.34675924666
536,217973.6366117904
537,189477.3605446362
538,235954.52786351112
539,147430.80516146703
540,126525.05143708273
541,232186.02965003747
542,130840.19885556264
543,160248.61954141152
544,209991.12642679753
545,93220.80687450373
546,108857.74649572792
547,240741.75150625862
548,190318.4455673959
549,92559.18845946036
550,160671.98622501967
551,123727.21990491443
552,121229.37316931617
553,157844.3950064798
554,253650.46119001307
555,187676.0126456388
556,137305.27188615763
557,239467.83258259646
558,143877.64404728246
559,138532.52219336442
560,187722.0789466743
561,100062.41943287457
562,114862.09137827795
563,197531.8354963331
564,158080.45869883907
565,139768.7612077075
566,190119.9974090715
567,173252.8086353335
568,191764.1070422733
569,180447.6699306678
570,132404.71612988604
571,146170.96410814315
572,127321.98323148818
573,119545.3307632975
574,202094.87084424504
575,137639.3704242591
576,111322.8497709275
577,102496.42582381162
578,129202.65311731565
579,152313.6370897181
580,142096.69211592927
581,135709.38125330466
582,147095.75870242954
583,164074.20414429356
584,187772.28845929616
585,209607.3273487571
586,121886.72903531892
587,122524.84083103054
588,128727.91170189137
589,181393.43527930052
590,199354.2030728088
591,148622.94000763202
592,214793.76544095064
593,252627.87413157983
594,128247.61554332152
595,145313.68921219517
596,154325.73907875843
597,243802.88383207162
598,234332.4173323362
599,134215.38105413888
600,190107.70738451713
601,153122.9655460575
602,134429.021653882
603,123956.511170265
604,132931.51345929643
605,158397.35301917169
606,134074.17450061205
607,282638.0104835054
608,247434.22485326283
609,227246.10048602888
610,204232.3846039161
611,178742.47816639734
612,124656.59992617922
613,112247.51501625901
614,204877.47063429054
615,148728.32823578172
616,156640.1978496855
617,138537.84610151482
618,175876.03793775954
619,213318.06503669842
620,178509.73262870894
621,286934.4317884414
622,246640.13022613685
623,89644.17200712833
624,195979.50218022315
625,184527.84899647563
626,151542.003621325
627,164861.10519890743
628,121030.00305441953
629,138443.39989523333
630,118560.7792119268
631,182055.42209891826
632,196792.23411632638
633,130345.69772344628
634,139401.64416236454
635,133711.67178144056
636,125776.21573693183
637,288508.35697751
638,127212.49764015578
639,129841.15036252086
640,139138.961374605
641,172552.48683056718
642,127849.41839625889
643,146738.70596049388
644,141408.27202745547
645,137972.25856678613
646,134993.93588780458
647,136681.08267559716
648,122348.46081877389
649,123310.61347104967
650,251965.7293032133
651,164154.82279026532
652,155670.4969791927
653,138740.69120193078
654,145592.7958677139
655,161686.97946007078
656,233737.8421972549
657,180858.75876295049
658,167182.54263099984
659,173304.09987769142
660,203800.89846038294
661,181585.8494101414
662,119399.03200673583
663,139022.2995465384
664,133854.99767484746
665,167926.8911110154
666,112609.90655885715
667,162994.77620554873
668,117038.8809042343
669,132133.33210774304
670,164512.22050318497
671,143907.61349114435
672,142055.65603057435
673,180710.77456282714
674,133124.03150688348
675,192352.99021425005
676,200550.30303609202
677,193661.70453557192
678,167203.61904322487
679,160137.50174246475
680,136619.98446063884
681,130860.70152842888
682,119460.10515145047
683,288153.65377150197
684,172095.9555168979
685,229262.54691847065
686,180386.66130957985
687,284499.68609327014
688,215575.64200373652
689,138532.79871107335
690,97641.68879609703
691,123072.23723816666
692,190175.81232319216
693,189357.78821228532
694,152997.37149384688
695,128828.19039286039
696,122269.48774863445
697,198415.30209456666
698,205247.53557999997
699,172187.22754844278
700,205922.59869511455
701,165009.21277121964
702,135012.08816905
703,138342.06583416424
704,157699.37969840085
705,184380.28953510552
706,122876.06221493141
707,181775.05532128466
708,202487.74847955405
709,198889.89545946746
710,90406.32873499201
711,133146.6970762559
712,143980.21509069286
713,184620.85238095658
714,100900.91459601885
715,108534.35864947166
716,128912.94389289472
717,128308.91540078964
718,142411.89228559658
719,247271.95664764277
720,102787.58234902112
721,170540.15475122485
722,171652.52122646736
723,92502.40444073052
724,129441.23936141204
725,196725.10521712265
726,168095.0352851848
727,133840.9008827962
728,193972.04148178705
729,171651.70738467245
730,114837.98685332028
731,197191.29783990013
732,209485.28631669295
733,110993.58924782896
734,150478.41301104572
735,140088.66242595602
736,141358.89918365562
737,109060.68676722384
738,158599.87085922546
739,144369.3794567146
740,130512.77233397854
741,158596.46035975224
742,228873.86974638907
743,98838.10951429105
744,100452.45875069857
745,191445.42182087048
746,209398.34072168352
747,164476.4999159239
748,145765.79608961305
749,136956.41137408826
750,146042.42824871844
751,175594.60391114984
752,124246.03858778949
753,160883.65256083582
754,188993.39331070206
755,199798.72410065477
756,220909.69378772576
757,212350.56321080233
758,164871.09839921416
759,215401.2988369849
760,113642.49494100362
761,192167.43550407083
762,54462.65746559252
763,170193.87684968283
764,207675.33108364124
765,137716.9639601197
766,104648.93249698309
767,256389.31272806032
768,154894.96560190912
769,151697.32405722665
770,140307.17330881738
771,189732.215026417
772,175116.2008566406
773,148011.07789027112
774,121669.12237372217
775,125037.39083886449
776,118380.01585563514
777,178659.51952638122
778,146506.6643281044
779,132561.35932715965
780,135187.09760153244
781,106196.37260067853
782,153783.58937166148
783,136518.84660768352
784,184389.65506954078
785,185066.46359487006
786,201021.59691481257
787,139083.57799200437
788,89268.81285854816
789,154030.1921254985
790,143405.6165472032
791,180957.17571010368
792,257384.51517346583
793,128096.75642865534
794,94234.58527010964
795,217158.0239716605
796,126347.87381325474
797,105848.908212634
798,182224.6663723721
799,231618.15267165983
800,90332.55763548141
801,129629.4054738562
802,139924.14643134462
803,123189.67296910236
804,156077.17612807732
805,118055.85313520416
806,231813.97454406793
807,99685.1134541634
808,258075.79724098364
809,114998.81565430512
810,162920.34770453456
811,264266.1974839213
812,125546.24110599456
813,292906.5408439898
814,223429.8543760668
815,204255.4631938209
816,144049.28871210676
817,154308.72179206874
818,113810.86565499638
819,259729.48512351335
820,181404.55951252027
821,167259.37404173898
822,199417.5509612852
823,164232.93820459704
824,99487.63605518249
825,140807.91540012354
826,148594.2366497413
827,163170.76055835426
828,117436.28138191818
829,140013.7531173551
830,243956.4837390308
831,159403.19640658412
832,167423.98119670912
833,199942.10848551127
834,208485.02583010204
835,94424.26072632079
836,214604.26356225717
837,166420.8575118525
838,149945.6576849541
839,151889.581834824
840,167062.1914631424
841,171420.04653611468
842,182740.17663749948
843,109956.92898289594
844,165114.1183003402
845,151043.05223665637
846,130477.48142044216
847,127674.63005550514
848,144770.41469325154
849,269816.3074100849
850,139976.2955976755
851,133660.28323897335
852,205495.9628182146
853,106805.48455292467
854,207991.4664900744
855,158562.8090356681
856,106754.79988963943
857,218153.38581998198
858,117847.83215849729
859,149587.42998689582
860,231478.43663580006
861,78839.09407968647
862,178205.20240234898
863,154575.9280813837
864,176106.67416453204
865,231632.06096664595
866,171143.35571699482
867,215029.86189375672
868,250829.22197012993
869,129428.28068474765
870,113149.0079234124
871,206169.1974708095
872,102353.15397804268
873,152237.87043526696
874,122244.26468469467
875,133585.77093765346
876,157788.0405564292
877,192947.1969135252
878,216989.65687999435
879,127030.43283144
880,134235.181248274
881,121959.69682552348
882,164028.27817593032
883,179773.2450227944
884,163148.96065627644
885,154657.47388288262
886,204660.70127950748
887,143466.72937557253
888,136058.03381933947
889,218595.0162169083
890,116755.77148252634
891,216921.152268879
892,134650.4758950899
893,111852.80321036975
894,95589.69274651
895,126103.8716943043
896,109294.28064758074
897,91672.4295225793
898,91863.75930279712
899,203607.8502599842
900,84095.18447088682
901,210541.40787842323
902,136420.33386384076
903,278123.2104673991
904,177935.0703235745
905,170284.51482413436
906,118729.22651481464
907,182418.92998095602
908,105084.89361335969
909,135067.5541937247
910,167119.04661200184
911,181031.57491962006
912,165653.92188188015
913,143582.68453342965
914,120589.40593578495
915,130117.3286744284
916,189087.78427036124
917,177924.03983653
918,147397.28557219205
919,128496.52424490472
920,153363.59991537756
921,115490.71839290106
922,167281.8715355774
923,124120.44089752671
924,190237.87574405785
925,187535.4983701786
926,160151.2709278916
927,178235.5954497265
928,199193.30195159488
929,122162.26016779072
930,240792.2828087327
931,70378.27006140104
932,153452.63476326293
933,125986.97068792432
934,143088.45823566755
935,173868.59768951783
936,124979.22684343747
937,176380.18973157048
938,140519.50544434186
939,172070.10577142076
940,153606.47323503284
941,124652.22148519297
942,117695.41343858847
943,242407.47102356562
944,129154.67648365066
945,130852.19110960537
946,133225.65529890885
947,161523.27659571762
948,173021.70818683962
949,239886.46206663968
950,97332.0688279245
951,121078.78747773744
952,133734.76897724497
953,132278.83670220955
954,201423.8600256076
955,167850.13126818463
956,113189.19347712846
957,202013.14477648554
958,109792.38400051078
959,175354.8938285371
960,121023.3046831256
961,115838.3574605477
962,171012.10503871064
963,187067.44249781896
964,84794.38031742495
965,177255.33814103476
966,149837.5759109102
967,149302.68946283913
968,122300.71924251763
969,195798.6549744701
970,178739.07942783093
971,214377.7045582616
972,164929.69756850856
973,130068.7723080425
974,104987.51504986684
975,153143.1166452503
976,235458.93624226644
977,100487.53305845379
978,122782.61542520394
979,236916.90234875696
980,143499.21131363907
981,186037.2324115488
982,255805.72905506115
983,192171.7530766046
984,214600.70216098652
985,76093.1914939351
986,157013.050985351
987,123540.39203371084
988,191293.68291826866
989,226848.05481482614
990,209104.66457295942
991,80059.7220242716
992,190823.680968228
993,159294.48298462795
994,106938.43377490225
995,105781.71380974949
996,265032.1564711529
997,112356.42400676319
998,119174.60192553318
999,97455.61408595505
1000,155334.40889989928
1001,197125.64776267012
1002,200234.0683422786
1003,114604.4512313836
1004,197769.78938584006
1005,140730.04990812315
1006,135404.53312683592
1007,177591.7847908676
1008,137251.50550924038
1009,108966.85122792565
1010,143376.70246223733
1011,136301.05372119942
1012,113402.21641709862
1013,213711.9251865053
1014,211153.70133652078
1015,161010.60268134845
1016,114581.72512724552
1017,132220.1616271406
1018,172464.01497539243
1019,143251.77627301944
1020,121366.36141993801
1021,225552.02765753432
1022,207364.13741426513
1023,175811.83372030983
1024,128166.46978927118
1025,145243.80758910388
1026,112541.85512142
1027,199867.98141044215
1028,203614.7637550495
1029,217482.0096384636
1030,143369.7430674282
1031,199941.21578931954
1032,109958.81425859043
1033,200601.62732544693
1034,112681.58559854864
1035,192228.7290183379
1036,120230.48907467056
1037,179502.30902610434
1038,211550.59209211112
1039,163945.4167497917
1040,126726.6037731057
1041,164988.62669919356
1042,265725.599360784
1043,255474.30719851478
1044,134630.3588638629
1045,115682.56694437694
1046,136439.07398835587
1047,161149.38912980413
1048,180119.20577377913
1049,147707.59337546903
1050,170859.37211354176
1051,136228.68817614063
1052,121141.31073390238
1053,101413.05888977699
1054,219303.58879927345
1055,225104.97882647382
1056,106352.89343980809
1057,164699.82232735457
1058,226464.05816188717
1059,107935.02489959708
1060,208393.57201828813
1061,165579.08556687186
1062,182698.8955569166
1063,144432.35483281722
1064,225760.53578033135
1065,130903.64539408614
1066,99042.62346028516
1067,220105.643736601
1068,148570.78503383702
1069,162018.46530766302
1070,182372.38001397587
1071,156952.90110609581
1072,125128.20196071576
1073,127449.71829474035
1074,149288.88596583327
1075,109820.77417277617
1076,96704.78555653631
1077,196298.70306952583
1078,142951.96881334527
1079,174408.18171557647
1080,257525.47955595638
1081,273833.1084020551
1082,126268.1692501618
1083,198746.68428295283
1084,163202.24744028726
1085,175557.11866008496
1086,146689.78009391594
1087,122375.69400589245
1088,106854.01164854685
1089,158177.892825093
1090,135384.19797322512
1091,91121.2680349906
1092,142681.91507036757
1093,136617.7015070095
1094,168412.1355536657
1095,121185.13958637146
1096,122569.62333393752
1097,152735.30992780652
1098,152475.32174851012
1099,185296.75386372945
1100,112849.03886760751
1101,98318.84649996215
1102,192439.27256837575
1103,75122.38859349802
1104,150099.10924262227
1105,250914.91857299104
1106,147249.50829348515
1107,142261.78802911448
1108,134440.98729346108
1109,86625.27464316273
1110,138068.55457250954
1111,146721.81587156522
1112,121650.76032503945
1113,180845.94543583685
1114,190549.45774978097
1115,162475.34537631524
1116,239652.0925027039
1117,132092.04236409807
1118,167865.11366889608
1119,204059.85987132922
1120,129849.61192367302
1121,229540.62165044935
1122,105152.45220661903
1123,144466.46579379795
1124,186367.09963031806
1125,139256.7572107428
1126,117629.61800843565
1127,272476.7357676227
1128,134172.6814960484
1129,151211.25492981146
1130,212492.10172855254
1131,151225.68282964703
1132,181603.26713473882
1133,175397.4361165074
1134,122422.38749756312
1135,160644.98019819838
1136,208025.38470955825
1137,175439.2314129681
1138,207740.49347461358
1139,173856.49033771738
1140,213494.7142302189
1141,205666.64656248264
1142,149581.56792711912
1143,126658.67197826166
1144,121956.4152384345
1145,155179.42737466074
1146,208347.23552696596
1147,158674.0033309207
1148,209733.19480425003
1149,171637.0970794449
1150,92628.98972785269
1151,228023.3715449648
1152,214041.6505006955
1153,168064.9134098335
1154,190869.51579383673
1155,156162.3355832523
1156,157360.79447912786
1157,109283.8806224578
1158,153519.3877517037
1159,121369.38331397637
1160,148514.6713015517
1161,124438.34993540106
1162,232525.0827365404
1163,169780.9650915376
1164,233910.0462578474
1165,208565.32293257
1166,137585.81385574897
1167,246740.91862748767
1168,144182.70536301244
1169,211064.0913942798
1170,230578.45798660314
1171,138456.9770776306
1172,193423.80200926895
1173,204541.49318508393
1174,97026.20246583584
1175,128048.54335518819
1176,226030.59255183412
1177,144884.62118609896
1178,142614.39029863145
1179,175873.8711412613
1180,146425.02719928895
1181,109876.4426641468
1182,307182.1341891871
1183,188181.25050186747
1184,137960.39902272538
1185,140622.58934495252
1186,173898.30383824627
1187,175513.43819208478
1188,216718.4178745941
1189,102315.44633979636
1190,227216.28936267865
1191,169716.52859150115
1192,109180.51562702208
1193,219574.58418080574
1194,167553.10059604008
1195,137868.01615780962
1196,218252.87615242365
1197,207911.03446451062
1198,178084.23538811743
1199,172575.50075625372
1200,215569.85652914495
1201,155811.16490789058
1202,206837.84836301042
1203,184252.61610867328
1204,95784.07883910707
1205,153174.12312354526
1206,204984.70937068487
1207,121107.45045407543
1208,108481.18646658161
1209,117281.59836433588
1210,189997.29512079965
1211,147304.10899574647
1212,135358.78075638314
1213,187612.17769897002
1214,204653.6799723763
1215,169079.0017216364
1216,124874.07137821686
1217,106343.18601969113
1218,167018.67688104828
1219,137604.14675517922
1220,221868.18345872976
1221,159853.32862257416
1222,127572.65611930852
1223,100444.22243472148
1224,160864.11189509946
1225,156479.54375941606
1226,192515.93072971218
1227,148556.78003908045
1228,182600.99023361466
1229,158828.505195437
1230,114170.24337960171
1231,113369.01848642205
1232,124654.67921347526
1233,130005.20973397134
1234,139698.66881763042
1235,193013.89339810004
1236,97452.36425674646
1237,145943.52280689758
1238,129066.08333504343
1239,99794.66335219261
1240,150637.0764195969
1241,195990.83265428868
1242,163856.80812788173
1243,148347.55276273802
1244,131084.55138436233
1245,137706.9919328129
1246,118412.29039834833
1247,139156.56714373612
1248,94859.37606271612
1249,106953.4038679805
1250,89935.91115546954
1251,54358.36333208458
1252,132897.7826466966
1253,85009.67574641484
1254,101331.73339307966
1255,115661.49982148196
1256,105791.5908618283
1257,110685.58263807456
1258,119187.25362561022
1259,98757.41807295004
1260,209496.10174521216
1261,126230.9299816543
1262,92345.94385358978
1263,145685.2720689572
1264,147825.7459050814
1265,113454.58914905685
1266,198536.9167796427
1267,127484.46569164583
1268,142995.37338990014
1269,144663.29611747852
1270,102171.51993421162
1271,93910.00261828987
1272,120979.70070310627
1273,138367.7189757118
1274,141030.58750658628
1275,194605.88583055208
1276,131894.49421313638
1277,113519.45526414704
1278,101900.04108253776
1279,93048.9312756494
1280,144700.18828155036
1281,157603.73933088518
1282,98449.57868947301
1283,142809.563250562
1284,170415.36399791614
1285,137005.64928092028
1286,121072.73034139088
1287,140965.62409225642
1288,134676.46055749225
1289,173220.0759835443
1290,120121.29157157204
1291,143704.8498309739
1292,122091.06966971439
1293,113070.24703284778
1294,103452.88015272273
1295,167393.11113910784
1296,128835.55528844426
1297,145392.72410035908
1298,141207.59087226726
1299,162862.4325588749
1300,117082.07005270183
1301,100394.39889824012
1302,143542.24226743274
1303,136467.7129340809
1304,176610.56677788915
1305,119880.56945920935
1306,112411.04512109062
1307,151519.28596635745
1308,128176.07147386673
1309,173017.7988412787
1310,193060.8551855016
1311,153966.95724659617
1312,156529.67044595024
1313,124011.37658166059
1314,129088.9140081585
1315,184637.27961618846
1316,128135.61588486985
1317,144910.81704901098
1318,116242.88108408928
1319,114764.94381590393
1320,135062.42370057787
1321,211843.0083953673
1322,151704.43359006947
1323,169349.4562109925
1324,115418.18072461357
1325,126011.0367050882
1326,128314.8629406425
1327,154926.270420623
1328,169385.09772264166
1329,159362.55966116604
1330,142469.30901222565
1331,129960.74952324368
1332,155672.38529256027
1333,134499.97269844922
1334,108690.96340430724
1335,134414.6815738143
1336,181134.5906981036
1337,163665.8648704819
1338,158605.8290043207
1339,129210.31660148688
1340,143000.12376231782
1341,149852.5342388489
1342,179738.49460728595
1343,135068.07963467872
1344,160219.98323371325
1345,110676.31794923477
1346,209031.76566529804
1347,136986.39145148004
1348,147786.55473603756
1349,194794.05725585876
1350,123469.19599059384
1351,143970.77753686055
1352,146640.67210198852
1353,173082.7896786307
1354,156571.5882758426
1355,164500.4293085326
1356,164496.15391603153
1357,146048.86162848485
1358,151211.31190472643
1359,159419.04132166406
1360,168863.1428100756
1361,158852.6542882366
1362,131096.36650984257
1363,143197.09273816683
1364,146452.3805809116
1365,145268.59758292587
1366,153273.36869181535
1367,180344.325109524
1368,143616.89009449998
1369,147090.65018091438
1370,175529.20211239537
1371,151056.1413336589
1372,137837.02178170643
1373,131244.30310491592
1374,160929.3390318413
1375,161746.55949555826
1376,151248.1528002868
1377,196564.30319005437
1378,157235.97801734068
1379,144883.8943059725
1380,147209.78032975516
1381,179158.4855181999
1382,165874.78113130646
1383,198466.21067940077
1384,155473.69405483757
1385,164967.95168315712
1386,138912.71191594377
1387,172489.1476211216
1388,167643.46084833232
1389,172290.86931641985
1390,142828.7045024375
1391,156028.27176072792
1392,148889.98318986758
1393,170785.57006129465
1394,171167.61183010024
1395,177384.15915414423
1396,130282.3504010453
1397,186523.3145051665
1398,166877.46797691614
1399,202091.81074150538
1400,155682.36628272076
1401,165136.89589069027
1402,155891.5632471238
1403,198982.45908621914
1404,181448.9770807527
1405,146810.39665687055
1406,150479.24564918922
1407,200484.73216618126
1408,140543.23170199007
1409,197582.23255533742
1410,188078.74492208357
1411,166665.75516864247
1412,153535.37456889183
1413,164744.53437044946
1414,160091.78416195515
1415,134781.2281430115
1416,137259.64768713448
1417,160427.6346811323
1418,176310.4580820219
1419,151243.42539053282
1420,153960.52356774273
1421,160669.32031222666
1422,146881.5661298044
1423,206948.48502603744
1424,160781.48230200552
1425,187172.60868713201
1426,168402.17302791897
1427,156299.49734235986
1428,162075.58614031208
1429,172782.19481899025
1430,181509.92549466004
1431,163850.52361421217
1432,158595.78661838302
1433,165432.4536538986
1434,167119.9023474888
1435,162226.2612116014
1436,156019.08910714695
1437,148316.77130441042
1438,162165.13484280702
1439,174664.51442123557
1440,159407.68102739903
1441,150812.46452410868
1442,180781.63381837576
1443,157325.71329072822
1444,185374.6695196511
1445,160941.689088444
1446,199756.33386959854
1447,149369.5452105956
1448,159965.3314066436
1449,172270.41854914476
1450,178194.31466194507
1451,181087.02108343286
1452,143235.14637041674
1453,199402.9026897204
1454,171043.5493391127
1455,175903.47152811888
1456,163936.0313774214
1457,163805.34340847706
1458,157625.2848540109
1459,191776.05345865688
1460,164944.3046523799
1461,157482.89206131198
1462,217951.02908642357
1463,173072.7361138994
1464,176476.44391157394
1465,158014.04846138705
1466,154891.92441902962
1467,187575.84482234536
1468,163753.0831317738
1469,158868.7785424586
1470,204914.56020201574
1471,164134.1943442485
1472,179490.89620648933
1473,158751.56309738866
1474,133414.02407399795
1475,149805.54632400343
1476,174947.09527695028
1477,174986.93999336564
1478,173726.29106113303
1479,148695.79875807924
1480,170331.25340483472
1481,188137.29592528887
1482,180542.27594203892
1483,160703.67402538506
1484,201262.79694193322
1485,157131.43395066407
1486,208288.2452396036
1487,169264.90802632447
1488,151248.68917283716
1489,152830.1383294462
1490,179465.29086883098
1491,172741.61766490474
1492,172085.2461420786
1493,142395.88800715248
1494,156774.3059300382
1495,226123.6831734029
1496,186893.91385310725
1497,177439.10165084584
1498,142905.9958236853
1499,155392.91992943367
1500,164293.3525078827
1501,185228.76786214067
1502,192675.3216558433
1503,213162.42466199986
1504,199054.7454655695
1505,180424.33232713302
1506,189731.51657955738
1507,177840.0079315317
1508,194869.45460881206
1509,185196.53115090993
1510,158981.0783838252
1511,162355.15766202594
1512,191850.74949416053
1513,189227.9567902396
1514,197373.37050560725
1515,181716.5561196432
1516,190099.46002312368
1517,179079.0372703196
1518,204305.52348592604
1519,178232.87921186452
1520,196012.39849263083
1521,219261.7990851216
1522,184902.65539910778
1523,159594.97777009354
1524,145391.9954764684
1525,163618.02287338313
1526,173812.24508342083
1527,208293.00699391298
1528,154771.04481336067
1529,209791.9913505381
1530,213886.83933253982
1531,158322.64389581262
1532,195660.0052914975
1533,178693.51801713475
1534,188996.31905031521
1535,161575.18432744005
1536,206475.4286154153
1537,199082.32994806158
1538,196409.81216606073
1539,205285.07860627846
1540,184200.58066244202
1541,174892.1349035651
1542,192850.52840335993
1543,224015.05169270496
1544,192864.92698458894
1545,207473.28535127186
1546,182589.83040431893
1547,195192.86200644937
1548,205140.67758696846
1549,181109.12746101065
1550,181239.18761316146
1551,198374.3757105255
1552,195134.4340384532
1553,207619.7907796886
1554,209410.29527246195
1555,166432.2905763053
1556,207505.25447391346
1557,162590.7735933984
1558,206209.62684329343
1559,192892.02478493238
1560,208781.7960655255
1561,154413.486000377
1562,200673.5451776599
1563,180711.7957549211
1564,208045.5634991526
1565,193282.74814500107
1566,202132.88091089978
1567,206058.85496768256
1568,152090.54091838666
1569,209220.4446095792
1570,268569.23256893386
1571,213692.03525467712
1572,206983.90348325513
1573,218136.057991067
1574,167514.27956679443
1575,187290.9071178884
1576,175648.94489003747
1577,201549.5417560303
1578,219724.66599685606
1579,201618.76038963668
1580,197125.25410302466
1581,158359.68078203866
1582,222364.21583324496
1583,172803.767981329
1584,148006.46948657618
1585,177224.03486581473
1586,182909.38415452797
1587,212326.7918898082
1588,164734.65837925446
1589,219133.1154607684
1590,213406.5865613828
1591,192432.95822574917
1592,181188.79861839593
1593,190918.38563669744
1594,184352.2520952617
1595,212587.59733746486
1596,198221.9541044152
1597,207056.9282039567
1598,193268.35295754723
1599,179948.28358756105
1600,223800.51309229276
1601,213485.77382545074
1602,172997.95623854935
1603,181488.10942813376
1604,237894.08398542204
1605,210549.74299564183
1606,192555.58030401487
1607,216604.1862028505
1608,189659.46671953576
1609,183653.35065863747
1610,191427.28220632975
1611,218826.6097535706
1612,189279.49954228583
1613,152961.26639353053
1614,170274.34038239415
1615,187053.1129813671
1616,201379.552546723
1617,210519.32153351884
1618,266441.07510897814
1619,177767.83034918123
1620,176528.30765394488
1621,197260.23109379614
1622,213623.02660772204
1623,199906.70914331792
1624,224549.13788238412
1625,189023.60844752693
1626,180411.1835176762
1627,196404.77686280746
1628,213180.7087878937
1629,217797.6157453484
1630,185312.56915936113
1631,170716.45433337588
1632,235549.63926293657
1633,250430.38967506908
1634,177314.48365789038
1635,193936.04596721075
1636,202034.24586027884
1637,194925.3499449002
1638,186614.2159213015
1639,189021.9646226255
1640,232284.81959048402
1641,261060.46577774108
1642,196636.81869864473
1643,205469.5872113022
1644,215081.98141666997
1645,227337.89852463343
1646,267099.15733069344
1647,204985.23554242734
1648,221435.38057886163
1649,240970.3808687032
1650,213767.78225807362
1651,225487.53660982696
1652,251498.46681422045
1653,231499.78420569716
1654,220183.5931200455
1655,183623.95089493287
1656,231879.28009673284
1657,218510.90134894455
1658,195251.8587229749
1659,253884.22943095397
1660,252056.96072581425
1661,260028.68142754232
1662,225297.78519818274
1663,236379.96296716802
1664,229449.0848504213
1665,223287.5395536991
1666,256358.44705332763
1667,200366.14493880153
1668,127716.99540220402
1669,235510.5368667958
1670,182318.57190886713
1671,200444.94731552553
1672,265386.190887188
1673,194375.82977308458
1674,236236.5484431441
1675,245110.29661369347
1676,250040.89824381855
1677,186696.46827086573
1678,208765.46570364397
1679,197797.18458639452
1680,229716.74273075434
1681,187677.9447781655
1682,202055.1965587397
1683,259355.92638307123
1684,217051.92313038697
1685,212625.85091233594
1686,222266.28950505095
1687,206830.69277386158
1688,239396.02194360457
1689,238585.76769939493
1690,213624.3900665018
1691,220159.8705803093
1692,224444.87474391173
1693,248364.54005819152
1694,259751.86351880626
1695,253404.578591605
1696,208385.0995156956
1697,239459.08791749604
1698,195967.44750403246
1699,237332.94929799356
1700,245137.78222401915
1701,224231.20870331253
1702,238878.74225691694
1703,220119.14652346584
1704,196832.81607574332
1705,238723.56348164892
1706,238224.5330974862
1707,250643.38113258063
1708,240131.29448399242
1709,201870.75546536472
1710,196342.33030195246
1711,246649.15321210807
1712,260713.07684200598
1713,282991.1717498181
1714,204256.0281263666
1715,271870.3528928892
1716,251396.5442335055
1717,250081.14120461183
1718,247572.10275935725
1719,243016.0894845491
1720,242011.88283918193
1721,242807.10802170774
1722,254048.08587794614
1723,245537.61451130116
1724,260922.97257791122
1725,227174.20616528584
1726,251919.4063644824
1727,280955.4993911459
1728,258710.54477769506
1729,158473.9360332999
1730,258009.19759370334
1731,267994.7640342209
1732,288502.64595752326
1733,216834.00708543666
1734,215886.27532534662
1735,218179.78603903326
1736,243949.55664158642
1737,214601.8665897011
1738,248704.61692004788
1739,264040.800487577
1740,212766.42891781003
1741,256831.43238936109
1742,230439.96498811647
1743,238419.64711492846
1744,258801.13776351095
1745,235983.99206586432
1746,296158.02587953827
1747,265273.67908896616
1748,244409.03663004714
1749,294983.1484905088
1750,267544.01228621136
1751,223219.0051310319
1752,256165.6144491416
1753,291482.2619247522
1754,263136.6197794724
1755,266575.28176682664
1756,260001.89668338458
1757,287444.1596475992
1758,296889.7099171342
1759,290988.79224097496
1760,310973.08784241974
1761,307986.042009669
1762,214936.06545091615
1763,292800.8712528482
1764,297191.1714954987
1765,244461.48630765313
1766,310190.5049749751
1767,192328.86972937308
1768,307368.2722979069
1769,252662.42316540988
1770,215368.43324101833
1771,305537.0192055135
1772,91033.00361020856
1773,96173.04858859774
1774,177165.09011458163
1775,157133.99974517734
1776,135948.44727174396
1777,155691.7382968443
1778,121112.87812914271
1779,141722.90743211913
1780,92235.4426461168
1781,175720.46328805838
1782,73124.97708072394
1783,108374.15974988817
1784,162578.8395670594
1785,89557.28677988515
1786,101427.0383500671
1787,126570.87998152456
1788,168956.89458652056
1789,87853.77586110643
1790,106727.19367664473
1791,185731.99820065562
1792,94108.71023755256
1793,130423.29851943137
1794,120071.93484451532
1795,161257.26177271365
1796,119068.64047079798
1797,110477.40558370453
1798,111723.46656856658
1799,119000.20146114352
1800,123787.72282528286
1801,96863.99273460273
1802,114790.98210929651
1803,140993.68754106655
1804,160167.6693463337
1805,145433.69297199952
1806,121035.40514570329
1807,138039.1697222211
1808,130126.5159193335
1809,120166.99785010499
1810,113649.66032414931
1811,113922.47267431763
1812,101812.51312045631
1813,117205.65512639207
1814,134649.19169424637
1815,137351.8409355124
1816,109355.17761731529
1817,136441.45411943825
1818,96860.15222175518
1819,146339.58238268428
1820,113898.81141635639
1821,157301.52519371125
1822,154737.20612764102
1823,104347.83195717404
1824,144244.8361259639
1825,124042.28942551097
1826,147488.06597582408
1827,161229.23665294852
1828,135707.94214929128
1829,102190.74021992329
1830,123332.13718257935
1831,126551.01423445958
1832,136158.09835435753
1833,164486.21373309242
1834,145982.5545786107
1835,138610.2270730593
1836,158621.40896501724
1837,166195.56177899987
1838,120853.31768211903
1839,136771.79403140265
1840,145366.26699341927
1841,186407.33747428548
1842,207501.11300700123
1843,130616.15425981299
1844,140264.4604320765
1845,140493.85156120377
1846,137333.92314791313
1847,131892.8779590595
1848,142223.33380282542
1849,142476.09712667856
1850,126546.46112374056
1851,163109.34366527098
1852,144547.357230225
1853,131854.4647234127
1854,129134.17509139412
1855,129567.90426898032
1856,139077.85385539557
1857,143083.45028529124
1858,143749.94369322044
1859,124357.11597845974
1860,129492.56748156369
1861,132443.66741917824
1862,134836.06012246455
1863,141761.4421039053
1864,126574.21744210791
1865,135909.5101857374
1866,166527.80198639043
1867,161482.68779661844
1868,140231.79066251242
1869,136190.42203483707
1870,126008.99402821022
1871,139478.88721993388
1872,149357.2158345566
1873,144823.41914143675
1874,134060.96413010644
1875,184668.15570094573
1876,173401.38605424372
1877,138054.42549632696
1878,138541.82814158977
1879,150696.37488875366
1880,159943.81919259875
1881,136255.61049009726
1882,171104.2084070996
1883,185730.39218233153
1884,155897.01332036167
1885,138851.36471872646
1886,140271.5851382506
1887,122937.21382463729
1888,179411.04587951134
1889,129172.06712962413
1890,132222.7630067904
1891,195662.64672795133
1892,138850.73023177445
1893,149112.2993480026
1894,136457.5801493042
1895,179388.06985825766
1896,142652.96255103164
1897,136141.828144501
1898,129430.48835914973
1899,157414.89758717833
1900,162267.20349130657
1901,149127.85233394624
1902,134040.83449068535
1903,180668.02015341
1904,146658.53000220424
1905,170835.23409019792
1906,128844.01337129538
1907,146682.2604669649
1908,167823.0099183693
1909,128610.18055824799
1910,141825.76269741915
1911,145007.57503531832
1912,162474.04632163158
1913,126030.3214130378
1914,131813.25710808585
1915,136129.56837795553
1916,95327.23086336852
1917,136563.59652747324
1918,171452.97181471257
1919,159805.89982711175
1920,173073.773859919
1921,119077.83222430659
1922,133165.33136770653
1923,164132.26566020623
1924,144436.34915679996
1925,157027.54223233796
1926,154201.98900423927
1927,178622.2422922916
1928,141775.24634482432
1929,154292.90910136927
1930,161849.7969583369
1931,143272.02053732472
1932,96541.71845102968
1933,149275.3635660043
1934,146944.86335576663
1935,139341.93144270757
1936,149533.69496996087
1937,166227.4430962244
1938,174350.21827346983
1939,150098.90025121276
1940,166721.5169789932
1941,161914.84086152381
1942,154655.24370825477
1943,175559.23324960086
1944,175744.98337556486
1945,206212.26371315424
1946,180498.33517585963
1947,169392.5856274074
1948,143568.24523552027
1949,177258.1614186297
1950,167084.4614271132
1951,173378.33405788965
1952,194302.48066994813
1953,153663.69993523607
1954,142497.43783408438
1955,197629.4925207735
1956,177186.69464761892
1957,133156.35248039488
1958,155202.77537181508
1959,190865.30557607696
1960,166836.72884991838
1961,168259.13499047374
1962,198497.19585948862
1963,201955.72466534682
1964,150840.16729398858
1965,152691.56586408825
1966,189090.22054130078
1967,178750.290038693
1968,159158.6557429483
1969,153860.49639185937
1970,169276.35995876335
1971,167139.31577118643
1972,152934.44787611294
1973,161805.6815014358
1974,156521.6795823487
1975,163176.5823093524
1976,139611.24990567722
1977,171012.31780312012
1978,177650.76589316505
1979,168109.11715196376
1980,142684.69366188766
1981,161167.332599707
1982,152632.13848315325
1983,193663.12253710456
1984,157924.90669285995
1985,149987.93403164245
1986,183071.2520230737
1987,183916.4096425823
1988,186199.0931940609
1989,160936.9167368591
1990,183782.01688430447
1991,209042.73206115514
1992,148679.06405387618
1993,206150.33978098072
1994,199481.65464749042
1995,147396.52999493637
1996,194143.8872112277
1997,143868.6911533709
1998,166918.91619234768
1999,182281.20963739086
2000,187749.29543774406
2001,149589.72447627655
2002,170085.6137227139
2003,184383.2453699822
2004,162210.23367630033
2005,166401.08020475277
2006,171123.2546811671
2007,147002.2584010407
2008,182485.878901953
2009,165999.1840808919
2010,204758.0316135631
2011,207733.51764275087
2012,181967.0069003504
2013,173350.8940284286
2014,187257.6955341568
2015,163503.86540743796
2016,179120.0616655161
2017,182765.72982273242
2018,169029.94299242593
2019,189438.95580231355
2020,178784.53517873172
2021,151467.26425343653
2022,161531.14168596966
2023,160317.36635678844
2024,172511.4177327488
2025,139664.75689956173
2026,155935.9694570378
2027,155447.9535147647
2028,199690.49543222314
2029,163611.3161080595
2030,192008.76812120847
2031,183870.7324256099
2032,160551.68913787295
2033,151176.82991081354
2034,191522.03523628257
2035,229584.6713997151
2036,160906.35909948213
2037,179545.89713178755
2038,201813.88533984887
2039,183257.97676660825
2040,193107.2750738811
2041,152933.46321866498
2042,206156.84628407954
2043,190434.89123791203
2044,197941.40847288317
2045,171054.14945964437
2046,163427.00749785738
2047,173578.7401057022
2048,219248.2862703221
2049,165490.91196805704
2050,213335.6137084057
2051,191936.48742298927
2052,161035.83207171364
2053,172600.64207487134
2054,195962.54157761764
2055,172011.48687695083
2056,186406.58488084385
2057,164136.255362819
2058,182368.70789563027
2059,206653.87724171573
2060,247583.98562084715
2061,191295.59006322798
2062,146561.2202967027
2063,202248.3573449097
2064,198555.16661828442
2065,186454.62629034882
2066,152317.70944192854
2067,155835.94599987616
2068,148648.8278241402
2069,188404.44819902792
2070,176762.87357380614
2071,213981.58961862337
2072,201650.33689260174
2073,162966.2563826923
2074,185447.136266988
2075,171943.0486956905
2076,177903.0173613403
2077,229771.38277727403
2078,205139.81580827705
2079,193080.2059272078
2080,158983.3176552083
2081,180577.41002852432
2082,169455.84693359383
2083,162724.1497640104
2084,172733.64543015667
2085,187353.21206388326
2086,230444.54046781818
2087,264458.0388288245
2088,199622.4575709017
2089,217316.39949427772
2090,244503.7247063918
2091,205387.46027669133
2092,215041.38311049296
2093,188266.07940519543
2094,184561.71796063666
2095,224938.81135700567
2096,154774.1639480412
2097,156970.96762339748
2098,182123.68930483883
2099,231192.39519822807
2100,152426.8483738416
2101,173665.50579075632
2102,200579.53193550347
2103,202078.5252790232
2104,209190.98902623233
2105,207667.14579468005
2106,184418.47474625305
2107,186141.16186980373
2108,149022.0382980912
2109,212766.8106933461
2110,156664.54037905
2111,200829.87195068735
2112,199823.63065649942
2113,212597.9111509013
2114,188109.2820624173
2115,200543.1755328531
2116,263131.2992057848
2117,183250.79780983267
2118,222892.40994977433
2119,191854.76159736258
2120,181803.0917006437
2121,228365.1299303132
2122,183375.6164966923
2123,217155.5288564678
2124,192932.62798570257
2125,186973.0721051069
2126,173772.1855187359
2127,226304.20224894996
2128,217673.4943211094
2129,195094.92899578525
2130,196031.55220253672
2131,211176.93641895198
2132,225874.29466128012
2133,191286.47613889183
2134,208293.38117545226
2135,206597.6643259427
2136,198088.16889017978
2137,230532.08789880693
2138,183322.15153185115
2139,232307.98402299592
2140,229693.1046163527
2141,207960.96947695385
2142,167459.7693453405
2143,230494.03317460057
2144,272753.7760501229
2145,191552.72772546817
2146,190388.29494126752
2147,246859.8989483068
2148,232747.65129434565
2149,224292.17017894457
2150,225948.6050740828
2151,228274.76214295527
2152,176507.15561111888
2153,208059.8698736584
2154,198573.3295895193
2155,200094.58146248508
2156,208464.33260568092
2157,207223.46754798168
2158,195162.58599886484
2159,215168.1045604849
2160,237190.62205605122
2161,208792.8315508934
2162,184032.6452194882
2163,204392.46047898254
2164,250471.1519950115
2165,244130.991133844
2166,198619.1496648021
2167,189723.476440073
2168,211179.6438689033
2169,207799.62409044016
2170,191350.86389188326
2171,255133.29266077132
2172,220888.95393532777
2173,223203.09422277604
2174,209703.14544693287
2175,205878.0116915864
2176,221603.33333102774
2177,208462.10365109163
2178,163336.7552679937
2179,210558.50877450424
2180,202637.88134706195
2181,251043.50427071418
2182,209978.63276690853
2183,207060.66019588633
2184,199137.45826185425
2185,191109.16982817568
2186,210076.91203443438
2187,225933.1464332156
2188,251732.20073030278
2189,205391.43051238375
2190,250222.19733324915
2191,183592.91747080538
2192,261646.84787869395
2193,256112.3067608681
2194,221720.22785223857
2195,222056.71531729144
2196,239849.0907913589
2197,213115.32201369043
2198,189403.5641140051
2199,214005.73535587278
2200,199247.4956752989
2201,214482.11325245287
2202,244929.78098404757
2203,232793.532886904
2204,253238.34243069793
2205,192866.05092028267
2206,231068.28399121505
2207,195038.27150177592
2208,254199.7222978308
2209,216763.2204038787
2210,224595.47304998367
2211,241218.35767010058
2212,208904.32078074134
2213,259762.6104998077
2214,229912.01136350993
2215,247774.31337232346
2216,185398.6051469939
2217,188827.69970236532
2218,186964.88985462906
2219,230410.3369051257
2220,258987.85313387428
2221,237346.24788415123
2222,193940.30557250517
2223,245413.39303397306
2224,241956.97418039147
2225,165769.43188973455
2226,249023.86405473447
2227,198476.9165612475
2228,238795.5455123675
2229,263457.45365366974
2230,238204.4446628781
2231,262106.7446967992
2232,236958.42318423407
2233,262385.87935047504
2234,218748.47077115614
2235,223737.7829959282
2236,190302.4961859731
2237,208198.96183750004
2238,261881.95083367004
2239,240960.8422150268
2240,187780.42848936055
2241,260318.7695216036
2242,176689.44670219312
2243,218515.61671295378
2244,242955.9630249129
2245,219986.4477755084
2246,186807.28874082444
2247,276604.0244594689
2248,190912.03388779395
2249,199526.64114155722
2250,222880.39671988334
2251,228659.47862015868
2252,275877.8567606807
2253,213467.205896931
2254,262410.4197180687
2255,262713.3139668597
2256,281677.8920078068
2257,231922.036028777
2258,218277.63494596083
2259,263682.68905296526
2260,247596.20731905967
2261,265911.4256060384
2262,214568.95310079557
2263,296074.7382169803
2264,222942.37818235246
2265,230734.33851958177
2266,251386.84067650035
2267,174359.5517683652
2268,260680.38995715172
2269,223025.29846011766
2270,237825.2023696659
2271,240458.2876572177
2272,264884.1176174764
2273,241259.96545015115
2274,268143.15519788396
2275,277287.030974446
2276,256795.6438012625
2277,221719.80732770235
2278,297079.96615944954
2279,264775.1271220204
2280,171341.46014199784
2281,304365.28389791504
2282,254086.2159016243
2283,257095.66921189998
2284,288057.19351425173
2285,247520.9952265154
2286,249092.6631836421
2287,205934.06069688124
2288,282757.436566133
2289,267460.8821088383
2290,202482.96330880036
2291,290359.983024129
2292,289680.47774932196
2293,219675.34896974431
2294,306908.16247216193
2295,279714.8343771156
2296,244255.0810730273
2297,257455.5291897484
2298,307477.05042641284
2299,311865.03286358085
2300,241844.08455026028
2301,217675.94938244956
2302,303431.5072339218
2303,210499.84162625892
2304,271889.4035989953
2305,292437.63214411493
2306,181525.26097843924
2307,100051.45898132116
2308,89873.23246382791
2309,121767.78557894056
2310,134826.3268891503
2311,163211.0624627377
2312,128654.50949499401
2313,154751.78003367188
2314,143450.0237399346
2315,132639.96209802435
2316,133122.73698561473
2317,148037.82551486092
2318,145356.98583000666
2319,147625.65376954514
2320,139498.10364831123
2321,136504.62524274475
2322,186587.78614951935
2323,149987.20480053074
2324,141222.3814818785
2325,144121.20903771353
2326,139299.43982696644
2327,144417.15790173248
2328,170783.20253610876
2329,203603.50751275956
2330,173923.2127080327
2331,164806.7590483781
2332,155985.1172264355
2333,164174.60211510363
2334,202591.25875243114
2335,160634.59644833294
2336,188333.36382540897
2337,164007.7910865841
2338,160535.3718630359
2339,185253.7616253881
2340,177550.0075988351
2341,162229.0992963128
2342,163017.54317835456
2343,192832.2618480149
2344,208205.94205232064
2345,177131.48745798256
2346,201271.87304992252
2347,192780.7667995697
2348,193751.78241161205
2349,232184.6227342246
2350,235511.22065318213
2351,196515.49022715888
2352,172157.47952962224
2353,259221.63740109018
2354,218862.92983139347
2355,206217.69088390452
2356,203271.0237741899
2357,231523.82211938716
2358,244137.17900308088
2359,194073.37876725
2360,267585.23371004063
2361,211181.8861367092
2362,254586.55283906823
2363,223924.3306292337
2364,246542.44938166192
2365,283694.76033927826
